<dragonBones name="graphics" frameRate="24" version="2.3">
 <armature name="player">
  <bone name="fronthand">
   <transform x="6.7" y="-22.95" skX="30" skY="30" scX="1" scY="1"/>
  </bone>
  <bone name="frontarm">
   <transform x="13.7" y="-70.55" skX="30" skY="30" scX="1" scY="1"/>
  </bone>
  <bone name="head">
   <transform x="26.55" y="-137.55" skX="0" skY="0" scX="1" scY="1"/>
  </bone>
  <bone name="torso">
   <transform x="20" y="-65.75" skX="0" skY="0" scX="1" scY="1"/>
  </bone>
  <bone name="frontfoot">
   <transform x="-2.45" y="3.35" skX="0" skY="0" scX="1" scY="1"/>
  </bone>
  <bone name="backfoot">
   <transform x="-8.45" y="1.15" skX="0" skY="0" scX="1" scY="1"/>
  </bone>
  <bone name="backhand">
   <transform x="-8.6" y="-47.3" skX="13.24" skY="13.24" scX="1" scY="1"/>
  </bone>
  <bone name="backarm">
   <transform x="3.9" y="-76.75" skX="30" skY="30" scX="1" scY="1"/>
  </bone>
  <skin name="">
   <slot name="backarm" parent="backarm" z="0">
    <display name="player_armature/player_backarm" type="image">
     <transform x="-27.35" y="-34.8" skX="0" skY="0" scX="1" scY="1" pX="0.5" pY="10.05"/>
    </display>
   </slot>
   <slot name="backhand" parent="backhand" z="1">
    <display name="player_armature/player_backhand" type="image">
     <transform x="0" y="0" skX="0" skY="0" scX="1" scY="1" pX="24.95" pY="22.9"/>
    </display>
   </slot>
   <slot name="backfoot" parent="backfoot" z="2">
    <display name="player_armature/player_backfoot" type="image">
     <transform x="-17.75" y="-8.15" skX="0" skY="0" scX="1" scY="1" pX="0.5" pY="0.5"/>
    </display>
   </slot>
   <slot name="frontfoot" parent="frontfoot" z="3">
    <display name="player_armature/player_frontfoot" type="image">
     <transform x="-17.75" y="-8.15" skX="0" skY="0" scX="1" scY="1" pX="0.5" pY="0.5"/>
    </display>
   </slot>
   <slot name="torso" parent="torso" z="4">
    <display name="player_armature/player_torso" type="image">
     <transform x="-19.2" y="-32.75" skX="0" skY="0" scX="1" scY="1" pX="19.75" pY="33.05"/>
    </display>
   </slot>
   <slot name="head" parent="head" z="5">
    <display name="player_armature/player_head" type="image">
     <transform x="-27.25" y="-30.4" skX="0" skY="0" scX="1" scY="1" pX="33.3" pY="31.15"/>
    </display>
   </slot>
   <slot name="frontarm" parent="frontarm" z="6">
    <display name="player_armature/player_frontarm" type="image">
     <transform x="-27.3" y="-34.75" skX="0" skY="0" scX="1" scY="1" pX="0.5" pY="13.15"/>
    </display>
   </slot>
   <slot name="fronthand" parent="fronthand" z="7">
    <display name="player_armature/player_fronthand" type="image">
     <transform x="-17.6" y="-16" skX="0" skY="0" scX="1" scY="1" pX="26.3" pY="23.25"/>
    </display>
   </slot>
  </skin>
  <animation name="idle" fadeInTime="0" duration="14" scale="2.3" loop="0" tweenEasing="NaN">
   <timeline name="backarm" scale="1" offset="0">
    <frame z="0" duration="3">
     <transform x="3.9" y="-76.75" skX="30" skY="30" scX="1" scY="1" pX="0" pY="0"/>
    </frame>
    <frame z="0" duration="3">
     <transform x="3.9" y="-77.95" skX="30" skY="30" scX="1" scY="1" pX="0" pY="0"/>
    </frame>
    <frame z="0" duration="4">
     <transform x="8.4" y="-82" skX="30" skY="30" scX="1" scY="1" pX="0.1" pY="0.05"/>
    </frame>
    <frame z="0" duration="4">
     <transform x="8.4" y="-79.6" skX="30" skY="30" scX="1" scY="1" pX="0.1" pY="0.1"/>
    </frame>
   </timeline>
   <timeline name="backhand" scale="1" offset="0">
    <frame z="1" duration="3">
     <transform x="-8.6" y="-47.3" skX="13.24" skY="13.24" scX="1" scY="1" pX="0" pY="0"/>
    </frame>
    <frame z="1" duration="3">
     <transform x="-8.6" y="-48.9" skX="13.24" skY="13.24" scX="1" scY="1" pX="0" pY="0"/>
    </frame>
    <frame z="1" duration="4">
     <transform x="-8.6" y="-51.8" skX="13.24" skY="13.24" scX="1" scY="1" pX="0" pY="0"/>
    </frame>
    <frame z="1" duration="4">
     <transform x="-8.6" y="-50.6" skX="13.24" skY="13.24" scX="1" scY="1" pX="0" pY="0"/>
    </frame>
   </timeline>
   <timeline name="backfoot" scale="1" offset="0">
    <frame z="2" duration="14">
     <transform x="-8.45" y="1.15" skX="0" skY="0" scX="1" scY="1" pX="0" pY="0"/>
    </frame>
   </timeline>
   <timeline name="frontfoot" scale="1" offset="0">
    <frame z="3" duration="14">
     <transform x="-2.45" y="3.35" skX="0" skY="0" scX="1" scY="1" pX="0" pY="0"/>
    </frame>
   </timeline>
   <timeline name="torso" scale="1" offset="0">
    <frame z="4" duration="3">
     <transform x="20" y="-65.75" skX="0" skY="0" scX="1" scY="1" pX="0" pY="0"/>
    </frame>
    <frame z="4" duration="3">
     <transform x="20" y="-66.95" skX="0" skY="0" scX="1" scY="1" pX="0" pY="0"/>
    </frame>
    <frame z="4" duration="4">
     <transform x="20.75" y="-65.85" skX="0" skY="0" scX="1.05" scY="1.05" pX="0" pY="0.05"/>
    </frame>
    <frame z="4" duration="4">
     <transform x="20.75" y="-64.25" skX="0" skY="0" scX="1.05" scY="1.05" pX="0" pY="0.05"/>
    </frame>
   </timeline>
   <timeline name="head" scale="1" offset="0">
    <frame z="5" duration="3">
     <transform x="26.55" y="-137.55" skX="0" skY="0" scX="1" scY="1" pX="0" pY="0"/>
    </frame>
    <frame z="5" duration="3">
     <transform x="26.55" y="-138.75" skX="0" skY="0" scX="1" scY="1" pX="0" pY="0"/>
    </frame>
    <frame z="5" duration="4">
     <transform x="26.55" y="-140.35" skX="0" skY="0" scX="1" scY="1" pX="0" pY="0"/>
    </frame>
    <frame z="5" duration="4">
     <transform x="26.55" y="-138.35" skX="0" skY="0" scX="1" scY="1" pX="0" pY="0"/>
    </frame>
   </timeline>
   <timeline name="frontarm" scale="1" offset="0">
    <frame z="6" duration="3">
     <transform x="13.7" y="-70.55" skX="30" skY="30" scX="1" scY="1" pX="0" pY="0"/>
    </frame>
    <frame z="6" duration="3">
     <transform x="13.7" y="-72.15" skX="30" skY="30" scX="1" scY="1" pX="0" pY="0.05"/>
    </frame>
    <frame z="6" duration="4">
     <transform x="13.7" y="-75.05" skX="30" skY="30" scX="1" scY="1" pX="0" pY="0"/>
    </frame>
    <frame z="6" duration="4">
     <transform x="13.7" y="-73.45" skX="30" skY="30" scX="1" scY="1" pX="0" pY="0"/>
    </frame>
   </timeline>
   <timeline name="fronthand" scale="1" offset="0">
    <frame z="7" duration="3">
     <transform x="6.7" y="-22.95" skX="30" skY="30" scX="1" scY="1" pX="0" pY="0"/>
    </frame>
    <frame z="7" duration="3">
     <transform x="6.7" y="-24.55" skX="30" skY="30" scX="1" scY="1" pX="0" pY="-0.05"/>
    </frame>
    <frame z="7" duration="4">
     <transform x="6.7" y="-27.35" skX="30" skY="30" scX="1" scY="1" pX="0" pY="0"/>
    </frame>
    <frame z="7" duration="4">
     <transform x="6.7" y="-25.75" skX="30" skY="30" scX="1" scY="1" pX="0" pY="0"/>
    </frame>
   </timeline>
  </animation>
  <animation name="run" fadeInTime="0" duration="16" scale="1.5" loop="0" tweenEasing="NaN">
   <timeline name="backarm" scale="1" offset="0">
    <frame z="0" duration="1">
     <transform x="2.15" y="-124.35" skX="52.22" skY="52.22" scX="1" scY="1" pX="26.15" pY="34.5"/>
    </frame>
    <frame z="0" duration="1">
     <transform x="1.65" y="-122.45" skX="-56.8" skY="-56.8" scX="1" scY="1" pX="26.2" pY="34.5"/>
    </frame>
    <frame z="0" duration="1">
     <transform x="1.55" y="-134.45" skX="-86.29" skY="-86.29" scX="1" scY="1" pX="26.2" pY="34.6"/>
    </frame>
    <frame z="0" duration="1">
     <transform x="1.55" y="-135.35" skX="-86.29" skY="-86.29" scX="1" scY="1" pX="26.2" pY="34.6"/>
    </frame>
    <frame z="0" duration="1">
     <transform x="1.55" y="-135.8" skX="-86.29" skY="-86.29" scX="1" scY="1" pX="26.2" pY="34.65"/>
    </frame>
    <frame z="0" duration="1">
     <transform x="1.55" y="-136.25" skX="-86.29" skY="-86.29" scX="1" scY="1" pX="26.2" pY="34.65"/>
    </frame>
    <frame z="0" duration="1">
     <transform x="1.6" y="-135.8" skX="-86.99" skY="-86.99" scX="1" scY="1" pX="26.15" pY="34.6"/>
    </frame>
    <frame z="0" duration="1">
     <transform x="2.95" y="-124.25" skX="-55.82" skY="-55.82" scX="1" scY="1" pX="26.2" pY="34.6"/>
    </frame>
    <frame z="0" duration="1">
     <transform x="2" y="-122" skX="-7.33" skY="-7.33" scX="1" scY="1" pX="26.2" pY="34.6"/>
    </frame>
    <frame z="0" duration="1">
     <transform x="5.2" y="-124.7" skX="73.66" skY="73.66" scX="1" scY="1" pX="26.25" pY="34.6"/>
    </frame>
    <frame z="0" duration="1">
     <transform x="5.15" y="-134.2" skX="117.89" skY="117.89" scX="1" scY="1" pX="26.2" pY="34.55"/>
    </frame>
    <frame z="0" duration="1">
     <transform x="5.15" y="-133.75" skX="120.04" skY="120.04" scX="1" scY="1" pX="26.25" pY="34.55"/>
    </frame>
    <frame z="0" duration="1">
     <transform x="5.15" y="-134.65" skX="120.99" skY="120.99" scX="1" scY="1" pX="26.2" pY="34.45"/>
    </frame>
    <frame z="0" duration="1">
     <transform x="5.15" y="-135.1" skX="120.99" skY="120.99" scX="1" scY="1" pX="26.15" pY="34.5"/>
    </frame>
    <frame z="0" duration="1">
     <transform x="5.15" y="-135.55" skX="120.99" skY="120.99" scX="1" scY="1" pX="26.15" pY="34.5"/>
    </frame>
    <frame z="0" duration="1">
     <transform x="5.15" y="-127.45" skX="117.54" skY="117.54" scX="1" scY="1" pX="26.2" pY="34.45"/>
    </frame>
   </timeline>
   <timeline name="backhand" scale="1" offset="0">
    <frame z="1" duration="1">
     <transform x="-38.8" y="-63.15" skX="61.54" skY="61.54" scX="1" scY="1" pX="0" pY="0"/>
    </frame>
    <frame z="1" duration="1">
     <transform x="68.05" y="-101.35" skX="-34.15" skY="-34.15" scX="1" scY="1" pX="0" pY="0"/>
    </frame>
    <frame z="1" duration="1">
     <transform x="71.2" y="-147.95" skX="-60.4" skY="-60.4" scX="1" scY="1" pX="0" pY="0"/>
    </frame>
    <frame z="1" duration="1">
     <transform x="71.2" y="-148.75" skX="-60.4" skY="-60.4" scX="1" scY="1" pX="0" pY="0"/>
    </frame>
    <frame z="1" duration="1">
     <transform x="70.2" y="-151.55" skX="-62.66" skY="-62.66" scX="1" scY="1" pX="0" pY="0"/>
    </frame>
    <frame z="1" duration="1">
     <transform x="70.2" y="-151.95" skX="-62.66" skY="-62.66" scX="1" scY="1" pX="0" pY="0"/>
    </frame>
    <frame z="1" duration="1">
     <transform x="69.8" y="-152" skX="-64.61" skY="-64.61" scX="1" scY="1" pX="0" pY="0"/>
    </frame>
    <frame z="1" duration="1">
     <transform x="68.15" y="-101.9" skX="-28.64" skY="-28.64" scX="1" scY="1" pX="0" pY="0"/>
    </frame>
    <frame z="1" duration="1">
     <transform x="28.25" y="-63.35" skX="18.78" skY="18.78" scX="1" scY="1" pX="0" pY="0"/>
    </frame>
    <frame z="1" duration="1">
     <transform x="-52.25" y="-87.1" skX="88.22" skY="88.22" scX="1" scY="1" pX="0" pY="0"/>
    </frame>
    <frame z="1" duration="1">
     <transform x="-67" y="-149.05" skX="142.08" skY="142.08" scX="1" scY="1" pX="0" pY="0"/>
    </frame>
    <frame z="1" duration="1">
     <transform x="-66.7" y="-151.25" skX="143.08" skY="143.08" scX="1" scY="1" pX="0" pY="0"/>
    </frame>
    <frame z="1" duration="1">
     <transform x="-65.9" y="-154.1" skX="145.29" skY="145.29" scX="1" scY="1" pX="0" pY="0"/>
    </frame>
    <frame z="1" duration="1">
     <transform x="-65.9" y="-154.9" skX="145.29" skY="145.29" scX="1" scY="1" pX="0" pY="0"/>
    </frame>
    <frame z="1" duration="1">
     <transform x="-65.1" y="-156.9" skX="147.24" skY="147.24" scX="1" scY="1" pX="0" pY="0"/>
    </frame>
    <frame z="1" duration="1">
     <transform x="-66.1" y="-140.5" skX="142.56" skY="142.56" scX="1" scY="1" pX="0" pY="0"/>
    </frame>
   </timeline>
   <timeline name="backfoot" scale="1" offset="0">
    <frame z="2" duration="2">
     <transform x="-0.25" y="-4.4" skX="-10.13" skY="-10.13" scX="1" scY="1" pX="-0.1" pY="0"/>
    </frame>
    <frame z="2" duration="3">
     <transform x="-56.9" y="-76.05" skX="68.95" skY="68.95" scX="1" scY="1" pX="-0.05" pY="-0.05"/>
    </frame>
    <frame z="2" duration="1">
     <transform x="-56.9" y="-77.35" skX="68.95" skY="68.95" scX="1" scY="1" pX="-0.1" pY="0"/>
    </frame>
    <frame z="2" duration="1">
     <transform x="-56.9" y="-78" skX="68.95" skY="68.95" scX="1" scY="1" pX="-0.1" pY="-0.05"/>
    </frame>
    <frame z="2" duration="1">
     <transform x="-56.9" y="-68.25" skX="68.95" skY="68.95" scX="1" scY="1" pX="-0.1" pY="-0.05"/>
    </frame>
    <frame z="2" duration="1">
     <transform x="-1" y="2.1" skX="-0.25" skY="-0.25" scX="1" scY="1" pX="-0.1" pY="-0.1"/>
    </frame>
    <frame z="2" duration="1">
     <transform x="56.7" y="-3.7" skX="-53.97" skY="-53.97" scX="1" scY="1" pX="-0.1" pY="-0.1"/>
    </frame>
    <frame z="2" duration="4">
     <transform x="83.1" y="-72.3" skX="-109.91" skY="-109.91" scX="1" scY="1" pX="-0.15" pY="-0.15"/>
    </frame>
    <frame z="2" duration="1">
     <transform x="83.1" y="-74.25" skX="-109.91" skY="-109.91" scX="1" scY="1" pX="-0.1" pY="-0.15"/>
    </frame>
    <frame z="2" duration="1">
     <transform x="83.1" y="-67.1" skX="-109.91" skY="-109.91" scX="1" scY="1" pX="-0.15" pY="-0.1"/>
    </frame>
   </timeline>
   <timeline name="frontfoot" scale="1" offset="0">
    <frame z="3" duration="2">
     <transform x="11.55" y="1.75" skX="-5.49" skY="-5.49" scX="1" scY="1" pX="0" pY="-0.05"/>
    </frame>
    <frame z="3" duration="3">
     <transform x="80.6" y="-72.75" skX="-82.29" skY="-82.29" scX="1" scY="1" pX="-0.05" pY="-0.1"/>
    </frame>
    <frame z="3" duration="1">
     <transform x="80.6" y="-74.05" skX="-82.29" skY="-82.29" scX="1" scY="1" pX="-0.05" pY="-0.05"/>
    </frame>
    <frame z="3" duration="1">
     <transform x="80.6" y="-74.7" skX="-82.29" skY="-82.29" scX="1" scY="1" pX="-0.1" pY="-0.1"/>
    </frame>
    <frame z="3" duration="1">
     <transform x="80.6" y="-64.95" skX="-82.29" skY="-82.29" scX="1" scY="1" pX="-0.05" pY="-0.1"/>
    </frame>
    <frame z="3" duration="1">
     <transform x="43.3" y="-37.25" skX="-68.33" skY="-68.33" scX="1" scY="1" pX="-0.1" pY="0"/>
    </frame>
    <frame z="3" duration="1">
     <transform x="-48.5" y="-27.65" skX="18.59" skY="18.59" scX="1" scY="1" pX="-0.1" pY="0"/>
    </frame>
    <frame z="3" duration="4">
     <transform x="-67.1" y="-76.1" skX="81.3" skY="81.3" scX="1" scY="1" pX="0" pY="0.05"/>
    </frame>
    <frame z="3" duration="1">
     <transform x="-67.1" y="-78.05" skX="81.3" skY="81.3" scX="1" scY="1" pX="-0.05" pY="0.05"/>
    </frame>
    <frame z="3" duration="1">
     <transform x="-67.1" y="-70.9" skX="81.3" skY="81.3" scX="1" scY="1" pX="0" pY="0.1"/>
    </frame>
   </timeline>
   <timeline name="torso" scale="1" offset="0">
    <frame z="4" duration="1">
     <transform x="4.6" y="-100.05" skX="-9.78" skY="-9.78" scX="1" scY="1" pX="19.3" pY="32.5"/>
    </frame>
    <frame z="4" duration="1">
     <transform x="4.6" y="-100.85" skX="-9.78" skY="-9.78" scX="1" scY="1" pX="19.25" pY="32.5"/>
    </frame>
    <frame z="4" duration="1">
     <transform x="5.05" y="-113.8" skX="-15" skY="-15" scX="1" scY="1" pX="19.3" pY="32.5"/>
    </frame>
    <frame z="4" duration="1">
     <transform x="5.05" y="-114.6" skX="-15" skY="-15" scX="1" scY="1" pX="19.3" pY="32.5"/>
    </frame>
    <frame z="4" duration="1">
     <transform x="5.05" y="-115.45" skX="-15" skY="-15" scX="1" scY="1" pX="19.3" pY="32.5"/>
    </frame>
    <frame z="4" duration="1">
     <transform x="5.05" y="-115.85" skX="-15" skY="-15" scX="1" scY="1" pX="19.3" pY="32.5"/>
    </frame>
    <frame z="4" duration="1">
     <transform x="5.05" y="-115.15" skX="-15" skY="-15" scX="1" scY="1" pX="19.3" pY="32.55"/>
    </frame>
    <frame z="4" duration="1">
     <transform x="5.05" y="-102.75" skX="-15" skY="-15" scX="1" scY="1" pX="19.3" pY="32.5"/>
    </frame>
    <frame z="4" duration="1">
     <transform x="4.6" y="-100.05" skX="-9.78" skY="-9.78" scX="1" scY="1" pX="19.3" pY="32.5"/>
    </frame>
    <frame z="4" duration="1">
     <transform x="4.6" y="-101.25" skX="-9.78" skY="-9.78" scX="1" scY="1" pX="19.3" pY="32.55"/>
    </frame>
    <frame z="4" duration="1">
     <transform x="5.05" y="-113.8" skX="-15" skY="-15" scX="1" scY="1" pX="19.3" pY="32.5"/>
    </frame>
    <frame z="4" duration="1">
     <transform x="5.05" y="-114.6" skX="-15" skY="-15" scX="1" scY="1" pX="19.3" pY="32.5"/>
    </frame>
    <frame z="4" duration="1">
     <transform x="5.05" y="-115.6" skX="-15" skY="-15" scX="1" scY="1" pX="19.35" pY="32.5"/>
    </frame>
    <frame z="4" duration="1">
     <transform x="5.05" y="-116.4" skX="-15" skY="-15" scX="1" scY="1" pX="19.35" pY="32.5"/>
    </frame>
    <frame z="4" duration="1">
     <transform x="5.05" y="-116.6" skX="-15" skY="-15" scX="1" scY="1" pX="19.3" pY="32.55"/>
    </frame>
    <frame z="4" duration="1">
     <transform x="5.05" y="-104.6" skX="-15" skY="-15" scX="1" scY="1" pX="19.35" pY="32.5"/>
    </frame>
   </timeline>
   <timeline name="head" scale="1" offset="0">
    <frame z="5" duration="1">
     <transform x="13.3" y="-135.2" skX="0" skY="0" scX="1" scY="1" pX="0" pY="0"/>
    </frame>
    <frame z="5" duration="1">
     <transform x="13.3" y="-136" skX="0" skY="0" scX="1" scY="1" pX="0" pY="0"/>
    </frame>
    <frame z="5" duration="1">
     <transform x="13.3" y="-147.55" skX="0" skY="0" scX="1" scY="1" pX="0" pY="0"/>
    </frame>
    <frame z="5" duration="1">
     <transform x="13.3" y="-148.35" skX="0" skY="0" scX="1" scY="1" pX="0" pY="0"/>
    </frame>
    <frame z="5" duration="1">
     <transform x="13.3" y="-149.2" skX="0" skY="0" scX="1" scY="1" pX="0" pY="0"/>
    </frame>
    <frame z="5" duration="1">
     <transform x="13.3" y="-149.6" skX="0" skY="0" scX="1" scY="1" pX="0" pY="0"/>
    </frame>
    <frame z="5" duration="1">
     <transform x="13.3" y="-148.9" skX="0" skY="0" scX="1" scY="1" pX="0" pY="0"/>
    </frame>
    <frame z="5" duration="1">
     <transform x="13.3" y="-137.3" skX="0" skY="0" scX="1" scY="1" pX="0" pY="0"/>
    </frame>
    <frame z="5" duration="1">
     <transform x="13.3" y="-135.2" skX="0" skY="0" scX="1" scY="1" pX="0" pY="0"/>
    </frame>
    <frame z="5" duration="1">
     <transform x="13.3" y="-136" skX="0" skY="0" scX="1" scY="1" pX="0" pY="0"/>
    </frame>
    <frame z="5" duration="1">
     <transform x="13.3" y="-147.55" skX="0" skY="0" scX="1" scY="1" pX="0" pY="0"/>
    </frame>
    <frame z="5" duration="1">
     <transform x="13.3" y="-148.35" skX="0" skY="0" scX="1" scY="1" pX="0" pY="0"/>
    </frame>
    <frame z="5" duration="1">
     <transform x="13.3" y="-149.35" skX="0" skY="0" scX="1" scY="1" pX="0" pY="0"/>
    </frame>
    <frame z="5" duration="1">
     <transform x="13.3" y="-150.15" skX="0" skY="0" scX="1" scY="1" pX="0" pY="0"/>
    </frame>
    <frame z="5" duration="1">
     <transform x="13.3" y="-150.35" skX="0" skY="0" scX="1" scY="1" pX="0" pY="0"/>
    </frame>
    <frame z="5" duration="1">
     <transform x="13.3" y="-138.35" skX="0" skY="0" scX="1" scY="1" pX="0" pY="0"/>
    </frame>
   </timeline>
   <timeline name="frontarm" scale="1" offset="0">
    <frame z="6" duration="1">
     <transform x="5.95" y="-117.3" skX="-5.2" skY="-5.2" scX="1" scY="1" pX="22.85" pY="32.7"/>
    </frame>
    <frame z="6" duration="1">
     <transform x="-4.75" y="-120.1" skX="78.4" skY="78.4" scX="1" scY="1" pX="22.85" pY="32.75"/>
    </frame>
    <frame z="6" duration="1">
     <transform x="-5.6" y="-138.2" skX="108.38" skY="108.38" scX="1" scY="1" pX="27.35" pY="35.2"/>
    </frame>
    <frame z="6" duration="1">
     <transform x="-5.6" y="-139" skX="108.38" skY="108.38" scX="1" scY="1" pX="27.35" pY="35.2"/>
    </frame>
    <frame z="6" duration="1">
     <transform x="-5.4" y="-140.2" skX="111.14" skY="111.14" scX="1" scY="1" pX="27.65" pY="35.4"/>
    </frame>
    <frame z="6" duration="1">
     <transform x="-5.4" y="-140.6" skX="111.14" skY="111.14" scX="1" scY="1" pX="27.65" pY="35.4"/>
    </frame>
    <frame z="6" duration="1">
     <transform x="-6.2" y="-139.05" skX="111.38" skY="111.38" scX="1" scY="1" pX="26.55" pY="34.95"/>
    </frame>
    <frame z="6" duration="1">
     <transform x="-6.05" y="-126.15" skX="83.38" skY="83.38" scX="1" scY="1" pX="26.5" pY="34.95"/>
    </frame>
    <frame z="6" duration="1">
     <transform x="4.25" y="-119.6" skX="27.88" skY="27.88" scX="1" scY="1" pX="27.45" pY="35.35"/>
    </frame>
    <frame z="6" duration="1">
     <transform x="5.85" y="-123.25" skX="-41.6" skY="-41.6" scX="1" scY="1" pX="27.35" pY="35.35"/>
    </frame>
    <frame z="6" duration="1">
     <transform x="7.1" y="-140.8" skX="-82.14" skY="-82.14" scX="1" scY="1" pX="26.65" pY="34.5"/>
    </frame>
    <frame z="6" duration="1">
     <transform x="7.1" y="-141.65" skX="-83.84" skY="-83.84" scX="1" scY="1" pX="26.65" pY="34.5"/>
    </frame>
    <frame z="6" duration="1">
     <transform x="6.4" y="-142.7" skX="-85.07" skY="-85.07" scX="1" scY="1" pX="26.6" pY="35.2"/>
    </frame>
    <frame z="6" duration="1">
     <transform x="6.4" y="-143.5" skX="-85.07" skY="-85.07" scX="1" scY="1" pX="26.6" pY="35.25"/>
    </frame>
    <frame z="6" duration="1">
     <transform x="6.9" y="-143.6" skX="-86.3" skY="-86.3" scX="1" scY="1" pX="26.7" pY="34.7"/>
    </frame>
    <frame z="6" duration="1">
     <transform x="5" y="-129.4" skX="-78.28" skY="-78.27" scX="1" scY="1" pX="26.65" pY="34.6"/>
    </frame>
   </timeline>
   <timeline name="fronthand" scale="1" offset="0">
    <frame z="7" duration="1">
     <transform x="27.45" y="-58.4" skX="16.28" skY="16.28" scX="1" scY="1" pX="17.6" pY="16"/>
    </frame>
    <frame z="7" duration="1">
     <transform x="-61" y="-92.15" skX="99.88" skY="99.88" scX="1" scY="1" pX="17.6" pY="16"/>
    </frame>
    <frame z="7" duration="1">
     <transform x="-69.8" y="-136.35" skX="122.08" skY="122.08" scX="1" scY="1" pX="17.6" pY="16"/>
    </frame>
    <frame z="7" duration="1">
     <transform x="-69.8" y="-137.15" skX="122.08" skY="122.08" scX="1" scY="1" pX="17.6" pY="16"/>
    </frame>
    <frame z="7" duration="1">
     <transform x="-69.85" y="-141.3" skX="124.84" skY="124.84" scX="1" scY="1" pX="17.6" pY="16"/>
    </frame>
    <frame z="7" duration="1">
     <transform x="-69.85" y="-141.7" skX="124.84" skY="124.84" scX="1" scY="1" pX="17.6" pY="16"/>
    </frame>
    <frame z="7" duration="1">
     <transform x="-69.85" y="-141.25" skX="125.08" skY="125.08" scX="1" scY="1" pX="17.6" pY="16"/>
    </frame>
    <frame z="7" duration="1">
     <transform x="-63.25" y="-98.25" skX="97.08" skY="97.08" scX="1" scY="1" pX="17.6" pY="16"/>
    </frame>
    <frame z="7" duration="1">
     <transform x="-4.5" y="-55.75" skX="41.58" skY="41.58" scX="1" scY="1" pX="17.6" pY="16"/>
    </frame>
    <frame z="7" duration="1">
     <transform x="62.55" y="-92.65" skX="-27.9" skY="-27.9" scX="1" scY="1" pX="17.6" pY="16"/>
    </frame>
    <frame z="7" duration="1">
     <transform x="69.1" y="-153.75" skX="-68.44" skY="-68.44" scX="1" scY="1" pX="17.6" pY="16"/>
    </frame>
    <frame z="7" duration="1">
     <transform x="68.65" y="-156.45" skX="-70.14" skY="-70.14" scX="1" scY="1" pX="17.6" pY="16"/>
    </frame>
    <frame z="7" duration="1">
     <transform x="68.3" y="-158.7" skX="-71.37" skY="-71.37" scX="1" scY="1" pX="17.6" pY="16"/>
    </frame>
    <frame z="7" duration="1">
     <transform x="68.3" y="-159.5" skX="-71.37" skY="-71.37" scX="1" scY="1" pX="17.6" pY="16"/>
    </frame>
    <frame z="7" duration="1">
     <transform x="67.95" y="-161.05" skX="-72.6" skY="-72.6" scX="1" scY="1" pX="17.6" pY="16"/>
    </frame>
    <frame z="7" duration="1">
     <transform x="67.8" y="-138.15" skX="-64.58" skY="-64.57" scX="1" scY="1" pX="17.6" pY="16"/>
    </frame>
   </timeline>
  </animation>
  <animation name="punch" fadeInTime="0" duration="14" scale="0.36" loop="1" tweenEasing="NaN">
   <timeline name="backarm" scale="1" offset="0">
    <frame z="0" duration="1">
     <transform x="-2.45" y="-117.35" skX="48.05" skY="48.05" scX="1" scY="1" pX="22.6" pY="35.85"/>
    </frame>
    <frame z="0" duration="1">
     <transform x="-10.2" y="-122.65" skX="-21.48" skY="-21.48" scX="1" scY="1" pX="22.7" pY="35.9"/>
    </frame>
    <frame z="0" duration="1">
     <transform x="-19.65" y="-120.3" skX="-52.17" skY="-52.17" scX="1" scY="1" pX="22.55" pY="35.8"/>
    </frame>
    <frame z="0" duration="3">
     <transform x="-25.65" y="-111.3" skX="-82.27" skY="-82.27" scX="1" scY="1" pX="22.6" pY="35.8"/>
    </frame>
    <frame z="0" duration="4">
     <transform x="-28.3" y="-109.6" skX="-107.67" skY="-107.67" scX="1" scY="1" pX="22.6" pY="35.75"/>
    </frame>
    <frame z="0" duration="4">
     <transform x="-29.7" y="-108" skX="-115.07" skY="-115.07" scX="1" scY="1" pX="22.6" pY="35.85"/>
    </frame>
   </timeline>
   <timeline name="backhand" scale="1" offset="0">
    <frame z="1" duration="1">
     <transform x="-39.75" y="-64.8" skX="71.12" skY="71.12" scX="1" scY="1" pX="0" pY="0"/>
    </frame>
    <frame z="1" duration="1">
     <transform x="26.05" y="-69.35" skX="1.58" skY="1.58" scX="1" scY="1" pX="0" pY="0"/>
    </frame>
    <frame z="1" duration="1">
     <transform x="38.7" y="-92.9" skX="-29.11" skY="-29.11" scX="1" scY="1" pX="0" pY="0"/>
    </frame>
    <frame z="1" duration="3">
     <transform x="38.5" y="-116.8" skX="-59.21" skY="-59.21" scX="1" scY="1" pX="0" pY="0"/>
    </frame>
    <frame z="1" duration="4">
     <transform x="27.25" y="-142.15" skX="-84.61" skY="-84.61" scX="1" scY="1" pX="0" pY="0"/>
    </frame>
    <frame z="1" duration="4">
     <transform x="21.3" y="-147.45" skX="-92" skY="-92" scX="1" scY="1" pX="0" pY="0"/>
    </frame>
   </timeline>
   <timeline name="backfoot" scale="1" offset="0">
    <frame z="2" duration="1">
     <transform x="-8.45" y="1.15" skX="0" skY="0" scX="1" scY="1" pX="0" pY="0"/>
    </frame>
    <frame z="2" duration="5">
     <transform x="22.75" y="5.05" skX="-10.75" skY="-10.75" scX="1" scY="1" pX="0" pY="0.05"/>
    </frame>
    <frame z="2" duration="7">
     <transform x="55.9" y="0.45" skX="-34.44" skY="-34.44" scX="1" scY="1" pX="-0.1" pY="0.1"/>
    </frame>
    <frame z="2" duration="1">
     <transform x="57.85" y="-0.2" skX="-38.68" skY="-38.68" scX="1" scY="1" pX="0" pY="0.05"/>
    </frame>
   </timeline>
   <timeline name="frontfoot" scale="1" offset="0">
    <frame z="3" duration="1">
     <transform x="-2.45" y="3.35" skX="0" skY="0" scX="1" scY="1" pX="0" pY="0"/>
    </frame>
    <frame z="3" duration="5">
     <transform x="-29.85" y="3.1" skX="0" skY="0" scX="1" scY="1" pX="0" pY="0"/>
    </frame>
    <frame z="3" duration="7">
     <transform x="-55.85" y="3.1" skX="0" skY="0" scX="1" scY="1" pX="0" pY="0"/>
    </frame>
    <frame z="3" duration="1">
     <transform x="-57.15" y="3.1" skX="0" skY="0" scX="1" scY="1" pX="0" pY="0"/>
    </frame>
   </timeline>
   <timeline name="torso" scale="1" offset="0">
    <frame z="4" duration="1">
     <transform x="-5.1" y="-100.25" skX="-14.93" skY="-14.93" scX="1" scY="1" pX="19.35" pY="32.45"/>
    </frame>
    <frame z="4" duration="1">
     <transform x="-9.4" y="-98.9" skX="-21.93" skY="-21.93" scX="1" scY="1" pX="19.35" pY="32.45"/>
    </frame>
    <frame z="4" duration="1">
     <transform x="-12.95" y="-94.9" skX="-32.41" skY="-32.41" scX="1" scY="1" pX="19.4" pY="32.45"/>
    </frame>
    <frame z="4" duration="3">
     <transform x="-15.6" y="-89.7" skX="-42.9" skY="-42.9" scX="1" scY="1" pX="19.35" pY="32.45"/>
    </frame>
    <frame z="4" duration="4">
     <transform x="-17.2" y="-85.5" skX="-48.9" skY="-48.9" scX="1" scY="1" pX="19.3" pY="32.55"/>
    </frame>
    <frame z="4" duration="4">
     <transform x="-17.65" y="-84.95" skX="-50.35" skY="-50.35" scX="1" scY="1" pX="19.35" pY="32.55"/>
    </frame>
   </timeline>
   <timeline name="head" scale="1" offset="0">
    <frame z="5" duration="1">
     <transform x="3.2" y="-134.05" skX="0.07" skY="0.07" scX="1" scY="1" pX="0.05" pY="0.05"/>
    </frame>
    <frame z="5" duration="1">
     <transform x="-5.3" y="-133.45" skX="-6.93" skY="-6.93" scX="1" scY="1" pX="0.05" pY="-0.05"/>
    </frame>
    <frame z="5" duration="1">
     <transform x="-15.2" y="-129.65" skX="-17.41" skY="-17.41" scX="1" scY="1" pX="0.05" pY="0"/>
    </frame>
    <frame z="5" duration="3">
     <transform x="-24.1" y="-123.4" skX="-27.9" skY="-27.9" scX="1" scY="1" pX="0" pY="0.05"/>
    </frame>
    <frame z="5" duration="4">
     <transform x="-29.15" y="-118.2" skX="-33.9" skY="-33.9" scX="1" scY="1" pX="0" pY="0.05"/>
    </frame>
    <frame z="5" duration="4">
     <transform x="-30.45" y="-117.3" skX="-35.35" skY="-35.35" scX="1" scY="1" pX="0.1" pY="0"/>
    </frame>
   </timeline>
   <timeline name="frontarm" scale="1" offset="0">
    <frame z="6" duration="1">
     <transform x="-2.95" y="-123.5" skX="-65.31" skY="-65.31" scX="1" scY="1" pX="26.65" pY="34.6"/>
    </frame>
    <frame z="6" duration="1">
     <transform x="-12.95" y="-117.3" skX="-35.86" skY="-35.86" scX="1" scY="1" pX="26.65" pY="34.55"/>
    </frame>
    <frame z="6" duration="1">
     <transform x="-21.25" y="-111.9" skX="31.59" skY="31.59" scX="1" scY="1" pX="26.65" pY="34.5"/>
    </frame>
    <frame z="6" duration="3">
     <transform x="-39.5" y="-99.75" skX="101.96" skY="101.96" scX="1" scY="1" pX="26.55" pY="34.6"/>
    </frame>
    <frame z="6" duration="4">
     <transform x="-40" y="-97.55" skX="105.92" skY="105.92" scX="1" scY="1" pX="26.65" pY="34.7"/>
    </frame>
    <frame z="6" duration="4">
     <transform x="-40.7" y="-96.4" skX="108.66" skY="108.66" scX="1" scY="1" pX="26.7" pY="34.7"/>
    </frame>
   </timeline>
   <timeline name="fronthand" scale="1" offset="0">
    <frame z="7" duration="1">
     <transform x="71.5" y="-122.35" skX="-81.61" skY="-81.61" scX="1" scY="1" pX="17.6" pY="16"/>
    </frame>
    <frame z="7" duration="1">
     <transform x="51.3" y="-79.75" skX="-52.16" skY="-52.16" scX="1" scY="1" pX="17.6" pY="16"/>
    </frame>
    <frame z="7" duration="1">
     <transform x="-31.25" y="-38.2" skX="15.29" skY="15.29" scX="1" scY="1" pX="17.6" pY="16"/>
    </frame>
    <frame z="7" duration="3">
     <transform x="-112.4" y="-84.5" skX="85.66" skY="85.66" scX="1" scY="1" pX="17.6" pY="16"/>
    </frame>
    <frame z="7" duration="4">
     <transform x="-113.9" y="-87.3" skX="89.62" skY="89.62" scX="1" scY="1" pX="17.6" pY="16"/>
    </frame>
    <frame z="7" duration="4">
     <transform x="-114.95" y="-89.7" skX="92.36" skY="92.36" scX="1" scY="1" pX="17.6" pY="16"/>
    </frame>
   </timeline>
  </animation>
  <animation name="jump" fadeInTime="0.1" duration="5" scale="1" loop="1" tweenEasing="NaN">
   <timeline name="backarm" scale="1" offset="0">
    <frame z="0" duration="5">
     <transform x="20.9" y="-79.75" skX="6.3" skY="6.3" scX="1" scY="1" pX="0.1" pY="0"/>
    </frame>
   </timeline>
   <timeline name="backhand" scale="1" offset="0">
    <frame z="1" duration="5">
     <transform x="21.35" y="-47.75" skX="-10.46" skY="-10.46" scX="1" scY="1" pX="0" pY="0"/>
    </frame>
   </timeline>
   <timeline name="backfoot" scale="1" offset="0">
    <frame z="2" duration="5">
     <transform x="-1.95" y="4.4" skX="-51.94" skY="-51.94" scX="1" scY="1" pX="0" pY="0.05"/>
    </frame>
   </timeline>
   <timeline name="frontfoot" scale="1" offset="0">
    <frame z="3" duration="5">
     <transform x="15.95" y="10.6" skX="-58.62" skY="-58.62" scX="1" scY="1" pX="0" pY="0.05"/>
    </frame>
   </timeline>
   <timeline name="torso" scale="1" offset="0">
    <frame z="4" duration="5">
     <transform x="5" y="-115.75" skX="0" skY="0" scX="1" scY="1" pX="15" pY="49"/>
    </frame>
   </timeline>
   <timeline name="head" scale="1" offset="0">
    <frame z="5" duration="5">
     <transform x="2.3" y="-169.95" skX="10.2" skY="10.2" scX="1" scY="1" pX="27.25" pY="30.4"/>
    </frame>
   </timeline>
   <timeline name="frontarm" scale="1" offset="0">
    <frame z="6" duration="5">
     <transform x="32.4" y="-78" skX="6.3" skY="6.3" scX="1" scY="1" pX="0" pY="0"/>
    </frame>
   </timeline>
   <timeline name="fronthand" scale="1" offset="0">
    <frame z="7" duration="5">
     <transform x="45.1" y="-31.6" skX="6.3" skY="6.3" scX="1" scY="1" pX="0" pY="0"/>
    </frame>
   </timeline>
  </animation>
  <animation name="fall" fadeInTime="0.1" duration="5" scale="1" loop="1" tweenEasing="NaN">
   <timeline name="backarm" scale="1" offset="0">
    <frame z="0" duration="5">
     <transform x="39.2" y="-104.7" skX="-42.9" skY="-42.9" scX="1" scY="1" pX="0.05" pY="0.05"/>
    </frame>
   </timeline>
   <timeline name="backhand" scale="1" offset="0">
    <frame z="1" duration="5">
     <transform x="63.75" y="-84.1" skX="-59.66" skY="-59.66" scX="1" scY="1" pX="0" pY="0"/>
    </frame>
   </timeline>
   <timeline name="backfoot" scale="1" offset="0">
    <frame z="2" duration="5">
     <transform x="-26.25" y="-18.9" skX="40.12" skY="40.12" scX="1" scY="1" pX="0" pY="-0.05"/>
    </frame>
   </timeline>
   <timeline name="frontfoot" scale="1" offset="0">
    <frame z="3" duration="5">
     <transform x="-26.2" y="-6.9" skX="40.64" skY="40.64" scX="1" scY="1" pX="0.05" pY="0"/>
    </frame>
   </timeline>
   <timeline name="torso" scale="1" offset="0">
    <frame z="4" duration="5">
     <transform x="2.2" y="-96.45" skX="-22.21" skY="-22.21" scX="1" scY="1" pX="19.4" pY="32.7"/>
    </frame>
   </timeline>
   <timeline name="head" scale="1" offset="0">
    <frame z="5" duration="5">
     <transform x="-24.25" y="-164.5" skX="-25.79" skY="-25.79" scX="1" scY="1" pX="27.25" pY="30.4"/>
    </frame>
   </timeline>
   <timeline name="frontarm" scale="1" offset="0">
    <frame z="6" duration="5">
     <transform x="48" y="-112.25" skX="-42.9" skY="-42.9" scX="1" scY="1" pX="0" pY="0"/>
    </frame>
   </timeline>
   <timeline name="fronthand" scale="1" offset="0">
    <frame z="7" duration="5">
     <transform x="91.45" y="-91.5" skX="-42.9" skY="-42.9" scX="1" scY="1" pX="-0.05" pY="-0.05"/>
    </frame>
   </timeline>
  </animation>
  <animation name="hurt" fadeInTime="0.1" duration="6" scale="1" loop="1" tweenEasing="NaN">
   <timeline name="backarm" scale="1" offset="0">
    <frame z="0" duration="6">
     <transform x="43.8" y="-83.75" skX="-17.68" skY="-17.68" scX="1" scY="1" pX="0.05" pY="0.05"/>
    </frame>
   </timeline>
   <timeline name="backhand" scale="1" offset="0">
    <frame z="1" duration="6">
     <transform x="57.3" y="-54.6" skX="-34.44" skY="-34.44" scX="1" scY="1" pX="0" pY="0"/>
    </frame>
   </timeline>
   <timeline name="backfoot" scale="1" offset="0">
    <frame z="2" duration="6">
     <transform x="-5.2" y="-10" skX="17.43" skY="17.43" scX="1" scY="1" pX="0.05" pY="0"/>
    </frame>
   </timeline>
   <timeline name="frontfoot" scale="1" offset="0">
    <frame z="3" duration="6">
     <transform x="-0.5" y="1.1" skX="17.94" skY="17.94" scX="1" scY="1" pX="0" pY="-0.05"/>
    </frame>
   </timeline>
   <timeline name="torso" scale="1" offset="0">
    <frame z="4" duration="6">
     <transform x="11.1" y="-91.3" skX="-7.22" skY="-7.22" scX="1" scY="1" pX="19.4" pY="32.7"/>
    </frame>
   </timeline>
   <timeline name="head" scale="1" offset="0">
    <frame z="5" duration="6">
     <transform x="4.4" y="-163.25" skX="4.21" skY="4.21" scX="1" scY="1" pX="27.25" pY="30.4"/>
    </frame>
   </timeline>
   <timeline name="frontarm" scale="1" offset="0">
    <frame z="6" duration="6">
     <transform x="54.95" y="-86.8" skX="-17.68" skY="-17.68" scX="1" scY="1" pX="0.1" pY="0"/>
    </frame>
   </timeline>
   <timeline name="fronthand" scale="1" offset="0">
    <frame z="7" duration="6">
     <transform x="85.5" y="-49.5" skX="-17.68" skY="-17.68" scX="1" scY="1" pX="0.05" pY="-0.05"/>
    </frame>
   </timeline>
  </animation>
 </armature>
</dragonBones>