<TextureAtlas name="graphics" imagePath="texture.png">
 <SubTexture name="player_armature/player_fronthand" x="195" y="0" width="50" height="44"/>
 <SubTexture name="player_armature/player_frontarm" x="110" y="0" width="41" height="69"/>
 <SubTexture name="player_armature/player_head" x="0" y="0" width="65" height="63"/>
 <SubTexture name="player_armature/player_torso" x="153" y="0" width="40" height="69"/>
 <SubTexture name="player_armature/player_frontfoot" x="39" y="71" width="37" height="18"/>
 <SubTexture name="player_armature/player_backfoot" x="0" y="65" width="37" height="18"/>
 <SubTexture name="player_armature/player_backhand" x="195" y="46" width="49" height="45"/>
 <SubTexture name="player_armature/player_backarm" x="67" y="0" width="41" height="69"/>
</TextureAtlas>